{"bricks":[{"position":{"x":-8.62934398651123,"y":0.5477031469345093},"colorIdentifier":"Blue","hitlimits":1}]}